id,fname,lname,date_of_birth,email,phone,facebook,manager_id
1,Faith,Winkell,2017-07-17 00:00:00,fwinkell0@netscape.com,6979791050,fwinkell0@facebook.com,17
2,Chickie,Alans,2017-07-17 00:00:00,calans1@topsy.com,6979791051,calans1@facebook.com,17
3,Say,Percifull,2017-07-17 00:00:00,spercifull2@cpanel.net,6979791052,spercifull2@facebook.com,17
4,Randall,Folkerd,2017-07-17 00:00:00,rfolkerd3@baidu.com,6979791053,rfolkerd3@facebook.com,17
5,Corabelle,Thome,2017-07-17 00:00:00,cthome4@altervista.org,6979791054,cthome4@facebook.com,17
6,Fran,D'Adda,2017-07-17 00:00:00,fdadda5@123-reg.co.uk,6979791055,fdadda5@facebook.com,17
7,Abdul,Norridge,2017-07-17 00:00:00,anorridge6@naver.com,6979791056,anorridge6@facebook.com,17
8,Catarina,Doore,2017-07-17 00:00:00,cdoore7@live.com,6979791057,cdoore7@facebook.com,17
9,Stepha,Mabbot,2017-07-17 00:00:00,smabbot8@spiegel.de,6979791058,smabbot8@facebook.com,17
10,Mordy,De Antoni,2017-07-17 00:00:00,mdeantoni9@redcross.org,6979791059,mdeantoni9@facebook.com,17
11,Curry,Bourgaize,2017-07-17 00:00:00,cbourgaizea@shareasale.com,6979791060,cbourgaizea@facebook.com,17
12,Paula,Aldrich,2017-07-17 00:00:00,paldrichb@unblog.fr,6979791061,paldrichb@facebook.com,17
13,Munroe,Roddie,2017-07-17 00:00:00,mroddiec@nature.com,6979791062,mroddiec@facebook.com,17
14,Kendre,Cordell,2017-07-17 00:00:00,kcordelld@altervista.org,6979791063,kcordelld@facebook.com,17
15,Betsey,Bamsey,2017-07-17 00:00:00,bbamseye@apache.org,6979791064,bbamseye@facebook.com,17
16,Elnar,Birney,2017-07-17 00:00:00,ebirneyf@fc2.com,6979791065,ebirneyf@facebook.com,17
17,Burtie,Knight,2017-07-17 00:00:00,bknightg@artisteer.com,6979791066,bknightg@facebook.com,17
18,Selinda,Paynter,2017-07-17 00:00:00,spaynterh@imageshack.us,6979791067,spaynterh@facebook.com,17
19,Venus,Orans,2017-07-17 00:00:00,voransi@csmonitor.com,6979791068,voransi@facebook.com,17
20,Marney,Tellenbroker,2017-07-17 00:00:00,mtellenbrokerj@samsung.com,6979791069,mtellenbrokerj@facebook.com,17
21,Denney,Chsteney,2017-07-17 00:00:00,dchsteneyk@wisc.edu,6979791070,dchsteneyk@facebook.com,17
22,Anatole,Redihalgh,2017-07-17 00:00:00,aredihalghl@bbc.co.uk,6979791071,aredihalghl@facebook.com,17
23,Elizabet,Althorpe,2017-07-17 00:00:00,ealthorpem@timesonline.co.uk,6979791072,ealthorpem@facebook.com,17
24,Wynnie,Ockleshaw,2017-07-17 00:00:00,wockleshawn@theguardian.com,6979791073,wockleshawn@facebook.com,17
25,Christel,Kestian,2017-07-17 00:00:00,ckestiano@smugmug.com,6979791074,ckestiano@facebook.com,17
26,Georg,Cheverton,2017-07-17 00:00:00,gchevertonp@cocolog-nifty.com,6979791075,gchevertonp@facebook.com,17
27,Archibald,Prodrick,2017-07-17 00:00:00,aprodrickq@gizmodo.com,6979791076,aprodrickq@facebook.com,17
28,Chip,Bracer,2017-07-17 00:00:00,cbracerr@ox.ac.uk,6979791077,cbracerr@facebook.com,17
29,Gwyn,Daud,2017-07-17 00:00:00,gdauds@examiner.com,6979791078,gdauds@facebook.com,17
30,Joannes,Arch,2017-07-17 00:00:00,jarcht@cisco.com,6979791079,jarcht@facebook.com,17
31,Luce,Sarjeant,2017-07-17 00:00:00,lsarjeantu@yale.edu,6979791080,lsarjeantu@facebook.com,17
32,Tait,Goslin,2017-07-17 00:00:00,tgoslinv@admin.ch,6979791081,tgoslinv@facebook.com,17
33,Rolland,Kleisel,2017-07-17 00:00:00,rkleiselw@indiegogo.com,6979791082,rkleiselw@facebook.com,17
34,Chase,Fonte,2017-07-17 00:00:00,cfontex@ehow.com,6979791083,cfontex@facebook.com,17
35,Mariette,Sancraft,2017-07-17 00:00:00,msancrafty@google.co.uk,6979791084,msancrafty@facebook.com,17
36,Gilles,Youster,2017-07-17 00:00:00,gyousterz@slashdot.org,6979791085,gyousterz@facebook.com,17
37,Sauveur,Oldred,2017-07-17 00:00:00,soldred10@hubpages.com,6979791086,soldred10@facebook.com,17
38,Kynthia,McKeon,2017-07-17 00:00:00,kmckeon11@jigsy.com,6979791087,kmckeon11@facebook.com,17
39,Dannel,Ferras,2017-07-17 00:00:00,dferras12@msu.edu,6979791088,dferras12@facebook.com,17
40,Shelia,Copperwaite,2017-07-17 00:00:00,scopperwaite13@telegraph.co.uk,6979791089,scopperwaite13@facebook.com,17
41,Johna,Parkey,2017-07-17 00:00:00,jparkey14@mashable.com,6979791090,jparkey14@facebook.com,17
42,Skippy,Puller,2017-07-17 00:00:00,spuller15@histats.com,6979791091,spuller15@facebook.com,17
43,Kit,Ellens,2017-07-17 00:00:00,kellens16@arizona.edu,6979791092,kellens16@facebook.com,17
44,Wynnie,Duquesnay,2017-07-17 00:00:00,wduquesnay17@prweb.com,6979791093,wduquesnay17@facebook.com,17
45,Elaina,Sherrell,2017-07-17 00:00:00,esherrell18@hubpages.com,6979791094,esherrell18@facebook.com,17
46,Merl,Martynka,2017-07-17 00:00:00,mmartynka19@networksolutions.com,6979791095,mmartynka19@facebook.com,17
47,Hill,Drake,2017-07-17 00:00:00,hdrake1a@ftc.gov,6979791096,hdrake1a@facebook.com,17
48,Liesa,Bindley,2017-07-17 00:00:00,lbindley1b@smugmug.com,6979791097,lbindley1b@facebook.com,17
49,Letitia,Constant,2017-07-17 00:00:00,lconstant1c@sciencedirect.com,6979791098,lconstant1c@facebook.com,17
50,Norine,McKelvie,2017-07-17 00:00:00,nmckelvie1d@home.pl,6979791099,nmckelvie1d@facebook.com,17
51,Celestine,Beves,2017-07-17 00:00:00,cbeves1e@amazon.com,6979791100,cbeves1e@facebook.com,17
52,Eleanor,Crowden,2017-07-17 00:00:00,ecrowden1f@accuweather.com,6979791101,ecrowden1f@facebook.com,17
53,Kenny,MacGillivrie,2017-07-17 00:00:00,kmacgillivrie1g@ucoz.ru,6979791102,kmacgillivrie1g@facebook.com,17
54,Oriana,Dorgon,2017-07-17 00:00:00,odorgon1h@printfriendly.com,6979791103,odorgon1h@facebook.com,17
55,Vale,Mimmack,2017-07-17 00:00:00,vmimmack1i@ning.com,6979791104,vmimmack1i@facebook.com,17
56,Natividad,Bugdell,2017-07-17 00:00:00,nbugdell1j@naver.com,6979791105,nbugdell1j@facebook.com,17
57,Reeta,Guyot,2017-07-17 00:00:00,rguyot1k@fotki.com,6979791106,rguyot1k@facebook.com,17
58,Sybilla,Rixon,2017-07-17 00:00:00,srixon1l@skype.com,6979791107,srixon1l@facebook.com,17
59,Peyter,Elesander,2017-07-17 00:00:00,pelesander1m@unesco.org,6979791108,pelesander1m@facebook.com,17
60,Baron,Khomich,2017-07-17 00:00:00,bkhomich1n@howstuffworks.com,6979791109,bkhomich1n@facebook.com,17
61,Florian,Comettoi,2017-07-17 00:00:00,fcomettoi1o@loc.gov,6979791110,fcomettoi1o@facebook.com,17
62,Chas,Julien,2017-07-17 00:00:00,cjulien1p@e-recht24.de,6979791111,cjulien1p@facebook.com,17
63,Valida,Garken,2017-07-17 00:00:00,vgarken1q@nationalgeographic.com,6979791112,vgarken1q@facebook.com,17
64,Delia,Rainbow,2017-07-17 00:00:00,drainbow1r@clickbank.net,6979791113,drainbow1r@facebook.com,17
65,Angus,Holtum,2017-07-17 00:00:00,aholtum1s@paypal.com,6979791114,aholtum1s@facebook.com,17
66,Loree,O'Gleasane,2017-07-17 00:00:00,logleasane1t@loc.gov,6979791115,logleasane1t@facebook.com,17
67,Merwyn,McIlriach,2017-07-17 00:00:00,mmcilriach1u@webeden.co.uk,6979791116,mmcilriach1u@facebook.com,17
68,Jerrylee,Farrens,2017-07-17 00:00:00,jfarrens1v@odnoklassniki.ru,6979791117,jfarrens1v@facebook.com,17
69,Fifi,Sievewright,2017-07-17 00:00:00,fsievewright1w@scientificamerican.com,6979791118,fsievewright1w@facebook.com,17
70,Donny,Vickress,2017-07-17 00:00:00,dvickress1x@bandcamp.com,6979791119,dvickress1x@facebook.com,17
71,Paolina,Gothard,2017-07-17 00:00:00,pgothard1y@intel.com,6979791120,pgothard1y@facebook.com,17
72,Yorker,Cohani,2017-07-17 00:00:00,ycohani1z@globo.com,6979791121,ycohani1z@facebook.com,17
73,Godiva,Librey,2017-07-17 00:00:00,glibrey20@sogou.com,6979791122,glibrey20@facebook.com,17
74,Haze,Audritt,2017-07-17 00:00:00,haudritt21@chronoengine.com,6979791123,haudritt21@facebook.com,17
75,Devlen,Vizor,2017-07-17 00:00:00,dvizor22@goodreads.com,6979791124,dvizor22@facebook.com,17
76,Murdock,Moehler,2017-07-17 00:00:00,mmoehler23@devhub.com,6979791125,mmoehler23@facebook.com,17
77,Amalita,Burrow,2017-07-17 00:00:00,aburrow24@twitter.com,6979791126,aburrow24@facebook.com,17
78,Hadley,Muncaster,2017-07-17 00:00:00,hmuncaster25@earthlink.net,6979791127,hmuncaster25@facebook.com,17
79,Olivie,Hackforth,2017-07-17 00:00:00,ohackforth26@fastcompany.com,6979791128,ohackforth26@facebook.com,17
80,Angelita,Hughlin,2017-07-17 00:00:00,ahughlin27@ifeng.com,6979791129,ahughlin27@facebook.com,17
81,Keven,Denisyev,2017-07-17 00:00:00,kdenisyev28@technorati.com,6979791130,kdenisyev28@facebook.com,17
82,Ninon,Stiebler,2017-07-17 00:00:00,nstiebler29@gnu.org,6979791131,nstiebler29@facebook.com,17
83,Letty,Ruckman,2017-07-17 00:00:00,lruckman2a@paypal.com,6979791132,lruckman2a@facebook.com,17
84,Kelci,Johnston,2017-07-17 00:00:00,kjohnston2b@acquirethisname.com,6979791133,kjohnston2b@facebook.com,17
85,Doroteya,Roubay,2017-07-17 00:00:00,droubay2c@washington.edu,6979791134,droubay2c@facebook.com,17
86,Justina,Jaram,2017-07-17 00:00:00,jjaram2d@nsw.gov.au,6979791135,jjaram2d@facebook.com,17
87,Mari,Celier,2017-07-17 00:00:00,mcelier2e@google.es,6979791136,mcelier2e@facebook.com,17
88,Lynsey,Boteman,2017-07-17 00:00:00,lboteman2f@miibeian.gov.cn,6979791137,lboteman2f@facebook.com,17
89,Skyler,Bird,2017-07-17 00:00:00,sbird2g@sciencedaily.com,6979791138,sbird2g@facebook.com,17
90,Jessey,Mallison,2017-07-17 00:00:00,jmallison2h@github.com,6979791139,jmallison2h@facebook.com,17
91,Darbie,Chippindall,2017-07-17 00:00:00,dchippindall2i@washington.edu,6979791140,dchippindall2i@facebook.com,17
92,Lyndsie,Naulls,2017-07-17 00:00:00,lnaulls2j@scientificamerican.com,6979791141,lnaulls2j@facebook.com,17
93,Andrea,Gosnall,2017-07-17 00:00:00,agosnall2k@admin.ch,6979791142,agosnall2k@facebook.com,17
94,Daveen,Semens,2017-07-17 00:00:00,dsemens2l@unc.edu,6979791143,dsemens2l@facebook.com,17
95,Malachi,Mungham,2017-07-17 00:00:00,mmungham2m@merriam-webster.com,6979791144,mmungham2m@facebook.com,17
96,Ole,Pixton,2017-07-17 00:00:00,opixton2n@flavors.me,6979791145,opixton2n@facebook.com,17
97,Caldwell,Terese,2017-07-17 00:00:00,cterese2o@cyberchimps.com,6979791146,cterese2o@facebook.com,17
98,Ugo,Haliday,2017-07-17 00:00:00,uhaliday2p@myspace.com,6979791147,uhaliday2p@facebook.com,17
99,Danell,Hallas,2017-07-17 00:00:00,dhallas2q@wufoo.com,6979791148,dhallas2q@facebook.com,17
100,Antonius,Humblestone,2017-07-17 00:00:00,ahumblestone2r@booking.com,6979791149,ahumblestone2r@facebook.com,17
101,Berti,Manvelle,2017-07-17 00:00:00,bmanvelle2s@goo.ne.jp,6979791150,bmanvelle2s@facebook.com,17
102,Rolfe,Bascomb,2017-07-17 00:00:00,rbascomb2t@cmu.edu,6979791151,rbascomb2t@facebook.com,17
103,Meriel,Maraga,2017-07-17 00:00:00,mmaraga2u@about.com,6979791152,mmaraga2u@facebook.com,17
104,Rosabelle,Rowntree,2017-07-17 00:00:00,rrowntree2v@skyrock.com,6979791153,rrowntree2v@facebook.com,17
105,Craig,Glasspoole,2017-07-17 00:00:00,cglasspoole2w@wordpress.org,6979791154,cglasspoole2w@facebook.com,17
106,Sunny,Gorwood,2017-07-17 00:00:00,sgorwood2x@hexun.com,6979791155,sgorwood2x@facebook.com,17
107,Alessandra,Collinette,2017-07-17 00:00:00,acollinette2y@e-recht24.de,6979791156,acollinette2y@facebook.com,17
108,Kathryne,McKeeman,2017-07-17 00:00:00,kmckeeman2z@vkontakte.ru,6979791157,kmckeeman2z@facebook.com,17
109,Brannon,Darlington,2017-07-17 00:00:00,bdarlington30@phpbb.com,6979791158,bdarlington30@facebook.com,17
110,Lelah,Charlo,2017-07-17 00:00:00,lcharlo31@de.vu,6979791159,lcharlo31@facebook.com,17
111,Cart,Cowthard,2017-07-17 00:00:00,ccowthard32@theglobeandmail.com,6979791160,ccowthard32@facebook.com,17
112,Dulsea,Charlton,2017-07-17 00:00:00,dcharlton33@google.ca,6979791161,dcharlton33@facebook.com,17
113,Lilli,von Hagt,2017-07-17 00:00:00,lvonhagt34@nymag.com,6979791162,lvonhagt34@facebook.com,17
114,Wolfie,Sexstone,2017-07-17 00:00:00,wsexstone35@sciencedaily.com,6979791163,wsexstone35@facebook.com,17
115,Flore,Heynen,2017-07-17 00:00:00,fheynen36@github.com,6979791164,fheynen36@facebook.com,17
116,Caddric,Eakle,2017-07-17 00:00:00,ceakle37@epa.gov,6979791165,ceakle37@facebook.com,17
117,Dorena,Scardefield,2017-07-17 00:00:00,dscardefield38@howstuffworks.com,6979791166,dscardefield38@facebook.com,17
118,Tybi,Willicott,2017-07-17 00:00:00,twillicott39@shop-pro.jp,6979791167,twillicott39@facebook.com,17
119,Glenn,Speeding,2017-07-17 00:00:00,gspeeding3a@cdc.gov,6979791168,gspeeding3a@facebook.com,17
120,Lin,Buckston,2017-07-17 00:00:00,lbuckston3b@netscape.com,6979791169,lbuckston3b@facebook.com,17
121,Zeke,Conlon,2017-07-17 00:00:00,zconlon3c@ebay.co.uk,6979791170,zconlon3c@facebook.com,17
122,Ardelia,Currer,2017-07-17 00:00:00,acurrer3d@ustream.tv,6979791171,acurrer3d@facebook.com,17
123,Walden,Chalder,2017-07-17 00:00:00,wchalder3e@examiner.com,6979791172,wchalder3e@facebook.com,17
124,Ethe,Gethin,2017-07-17 00:00:00,egethin3f@sciencedaily.com,6979791173,egethin3f@facebook.com,17
125,Blanca,Zylberdik,2017-07-17 00:00:00,bzylberdik3g@imageshack.us,6979791174,bzylberdik3g@facebook.com,17
126,Toinette,Ware,2017-07-17 00:00:00,tware3h@paypal.com,6979791175,tware3h@facebook.com,17
127,Arlen,Reinisch,2017-07-17 00:00:00,areinisch3i@163.com,6979791176,areinisch3i@facebook.com,17
128,Andie,Abrey,2017-07-17 00:00:00,aabrey3j@amazon.co.uk,6979791177,aabrey3j@facebook.com,17
129,Wake,Chesley,2017-07-17 00:00:00,wchesley3k@exblog.jp,6979791178,wchesley3k@facebook.com,17
130,Hortensia,Scola,2017-07-17 00:00:00,hscola3l@google.co.jp,6979791179,hscola3l@facebook.com,17
131,Astrid,Imlin,2017-07-17 00:00:00,aimlin3m@imdb.com,6979791180,aimlin3m@facebook.com,17
132,Tomlin,McCarter,2017-07-17 00:00:00,tmccarter3n@sciencedaily.com,6979791181,tmccarter3n@facebook.com,17
133,Urson,Conklin,2017-07-17 00:00:00,uconklin3o@godaddy.com,6979791182,uconklin3o@facebook.com,17
134,Bethena,Murthwaite,2017-07-17 00:00:00,bmurthwaite3p@jugem.jp,6979791183,bmurthwaite3p@facebook.com,17
135,Hammad,Gigg,2017-07-17 00:00:00,hgigg3q@biglobe.ne.jp,6979791184,hgigg3q@facebook.com,17
136,Enrichetta,Giraudel,2017-07-17 00:00:00,egiraudel3r@yahoo.co.jp,6979791185,egiraudel3r@facebook.com,17
137,Hal,Gissing,2017-07-17 00:00:00,hgissing3s@aboutads.info,6979791186,hgissing3s@facebook.com,17
138,Celie,Dewhurst,2017-07-17 00:00:00,cdewhurst3t@time.com,6979791187,cdewhurst3t@facebook.com,17
139,Lina,Placidi,2017-07-17 00:00:00,lplacidi3u@about.com,6979791188,lplacidi3u@facebook.com,17
140,Antoine,McNaught,2017-07-17 00:00:00,amcnaught3v@youtu.be,6979791189,amcnaught3v@facebook.com,17
141,Ichabod,Speller,2017-07-17 00:00:00,ispeller3w@apple.com,6979791190,ispeller3w@facebook.com,17
142,Emerson,Lages,2017-07-17 00:00:00,elages3x@apache.org,6979791191,elages3x@facebook.com,17
143,Carly,Pendred,2017-07-17 00:00:00,cpendred3y@360.cn,6979791192,cpendred3y@facebook.com,17
144,Josselyn,Sleath,2017-07-17 00:00:00,jsleath3z@cbslocal.com,6979791193,jsleath3z@facebook.com,17
145,Sergei,Stannus,2017-07-17 00:00:00,sstannus40@umich.edu,6979791194,sstannus40@facebook.com,17
146,Jemimah,Shiliton,2017-07-17 00:00:00,jshiliton41@miitbeian.gov.cn,6979791195,jshiliton41@facebook.com,17
147,Dierdre,Groombridge,2017-07-17 00:00:00,dgroombridge42@gov.uk,6979791196,dgroombridge42@facebook.com,17
148,Minerva,Burdett,2017-07-17 00:00:00,mburdett43@prweb.com,6979791197,mburdett43@facebook.com,17
149,Bourke,Verlinde,2017-07-17 00:00:00,bverlinde44@home.pl,6979791198,bverlinde44@facebook.com,17
150,Luis,Casarino,2017-07-17 00:00:00,lcasarino45@flickr.com,6979791199,lcasarino45@facebook.com,17
151,Angil,Bowle,2017-07-17 00:00:00,abowle46@nih.gov,6979791200,abowle46@facebook.com,17
152,Lodovico,Oiller,2017-07-17 00:00:00,loiller47@nature.com,6979791201,loiller47@facebook.com,17
153,Tate,Simenet,2017-07-17 00:00:00,tsimenet48@php.net,6979791202,tsimenet48@facebook.com,17
154,Maegan,Bricknell,2017-07-17 00:00:00,mbricknell49@i2i.jp,6979791203,mbricknell49@facebook.com,17
155,Ursola,Crimmins,2017-07-17 00:00:00,ucrimmins4a@oakley.com,6979791204,ucrimmins4a@facebook.com,17
156,Kattie,Meharry,2017-07-17 00:00:00,kmeharry4b@ocn.ne.jp,6979791205,kmeharry4b@facebook.com,17
157,Ronnie,Drinkhall,2017-07-17 00:00:00,rdrinkhall4c@gizmodo.com,6979791206,rdrinkhall4c@facebook.com,17
158,Nesta,Louche,2017-07-17 00:00:00,nlouche4d@studiopress.com,6979791207,nlouche4d@facebook.com,17
159,Bertine,Subhan,2017-07-17 00:00:00,bsubhan4e@gizmodo.com,6979791208,bsubhan4e@facebook.com,17
160,Yardley,Moreland,2017-07-17 00:00:00,ymoreland4f@de.vu,6979791209,ymoreland4f@facebook.com,17
161,Nanni,Riccardelli,2017-07-17 00:00:00,nriccardelli4g@epa.gov,6979791210,nriccardelli4g@facebook.com,17
162,Cherlyn,Varnes,2017-07-17 00:00:00,cvarnes4h@netlog.com,6979791211,cvarnes4h@facebook.com,17
163,Rosabel,Khan,2017-07-17 00:00:00,rkhan4i@rediff.com,6979791212,rkhan4i@facebook.com,17
164,Nicol,Scammell,2017-07-17 00:00:00,nscammell4j@sitemeter.com,6979791213,nscammell4j@facebook.com,17
165,Stacee,Darbon,2017-07-17 00:00:00,sdarbon4k@narod.ru,6979791214,sdarbon4k@facebook.com,17
166,Gerda,Giorgi,2017-07-17 00:00:00,ggiorgi4l@java.com,6979791215,ggiorgi4l@facebook.com,17
167,Carlie,Jewel,2017-07-17 00:00:00,cjewel4m@berkeley.edu,6979791216,cjewel4m@facebook.com,17
168,Durant,Northleigh,2017-07-17 00:00:00,dnorthleigh4n@imgur.com,6979791217,dnorthleigh4n@facebook.com,17
169,Roseanne,MacPake,2017-07-17 00:00:00,rmacpake4o@usatoday.com,6979791218,rmacpake4o@facebook.com,17
170,Erda,Angove,2017-07-17 00:00:00,eangove4p@cnn.com,6979791219,eangove4p@facebook.com,17
171,Pavel,Jordeson,2017-07-17 00:00:00,pjordeson4q@cnbc.com,6979791220,pjordeson4q@facebook.com,17
172,Grantley,Goodie,2017-07-17 00:00:00,ggoodie4r@etsy.com,6979791221,ggoodie4r@facebook.com,17
173,Sianna,Bea,2017-07-17 00:00:00,sbea4s@cpanel.net,6979791222,sbea4s@facebook.com,17
174,Quinn,Knatt,2017-07-17 00:00:00,qknatt4t@comsenz.com,6979791223,qknatt4t@facebook.com,17
175,Lorens,Reffe,2017-07-17 00:00:00,lreffe4u@mozilla.com,6979791224,lreffe4u@facebook.com,17
176,Ambros,Turford,2017-07-17 00:00:00,aturford4v@networkadvertising.org,6979791225,aturford4v@facebook.com,17
177,Hadlee,Ellerton,2017-07-17 00:00:00,hellerton4w@imageshack.us,6979791226,hellerton4w@facebook.com,17
178,Lionello,Bein,2017-07-17 00:00:00,lbein4x@chicagotribune.com,6979791227,lbein4x@facebook.com,17
179,Patty,Yurocjkin,2017-07-17 00:00:00,pyurocjkin4y@desdev.cn,6979791228,pyurocjkin4y@facebook.com,17
180,Blondell,MacCaughen,2017-07-17 00:00:00,bmaccaughen4z@amazon.co.jp,6979791229,bmaccaughen4z@facebook.com,17
181,Heriberto,Jeste,2017-07-17 00:00:00,hjeste50@amazon.co.jp,6979791230,hjeste50@facebook.com,17
182,Gillian,Watkiss,2017-07-17 00:00:00,gwatkiss51@shareasale.com,6979791231,gwatkiss51@facebook.com,17
183,Daphene,Kingsnorth,2017-07-17 00:00:00,dkingsnorth52@indiegogo.com,6979791232,dkingsnorth52@facebook.com,17
184,Joyous,Largen,2017-07-17 00:00:00,jlargen53@wufoo.com,6979791233,jlargen53@facebook.com,17
185,Leeanne,Boeter,2017-07-17 00:00:00,lboeter54@admin.ch,6979791234,lboeter54@facebook.com,17
186,Fionna,Mackerel,2017-07-17 00:00:00,fmackerel55@google.es,6979791235,fmackerel55@facebook.com,17
187,Samaria,Arnott,2017-07-17 00:00:00,sarnott56@scribd.com,6979791236,sarnott56@facebook.com,17
188,Donal,Tulip,2017-07-17 00:00:00,dtulip57@bravesites.com,6979791237,dtulip57@facebook.com,17
189,Harriet,Shelbourne,2017-07-17 00:00:00,hshelbourne58@webs.com,6979791238,hshelbourne58@facebook.com,17
190,Harlan,Brittin,2017-07-17 00:00:00,hbrittin59@storify.com,6979791239,hbrittin59@facebook.com,17
191,Toddy,Lesmonde,2017-07-17 00:00:00,tlesmonde5a@stanford.edu,6979791240,tlesmonde5a@facebook.com,17
192,Deedee,Weiner,2017-07-17 00:00:00,dweiner5b@cloudflare.com,6979791241,dweiner5b@facebook.com,17
193,Jefferson,Ruffell,2017-07-17 00:00:00,jruffell5c@apache.org,6979791242,jruffell5c@facebook.com,17
194,Renault,Kimmings,2017-07-17 00:00:00,rkimmings5d@baidu.com,6979791243,rkimmings5d@facebook.com,17
195,Sallyann,Currier,2017-07-17 00:00:00,scurrier5e@dot.gov,6979791244,scurrier5e@facebook.com,17
196,Conway,Kunkler,2017-07-17 00:00:00,ckunkler5f@google.de,6979791245,ckunkler5f@facebook.com,17
197,Edik,Muggleton,2017-07-17 00:00:00,emuggleton5g@redcross.org,6979791246,emuggleton5g@facebook.com,17
198,Harvey,Bowhey,2017-07-17 00:00:00,hbowhey5h@goo.ne.jp,6979791247,hbowhey5h@facebook.com,17
199,Zebulen,Divell,2017-07-17 00:00:00,zdivell5i@who.int,6979791248,zdivell5i@facebook.com,17
200,Gates,Kyngdon,2017-07-17 00:00:00,gkyngdon5j@google.com.br,6979791249,gkyngdon5j@facebook.com,17
